날짜,시장,투자자,티커,종목명,매도거래량,매수거래량,순매수거래량,매도거래대금,매수거래대금,순매수거래대금
20260119,ALL,연기금 등,017670,SK텔레콤,84898,397923,313025,4900106750,23060181700,18160074950
20260119,ALL,연기금 등,000270,기아,601292,697697,96405,97550321450,112743279900,15192958450
20260119,ALL,연기금 등,066570,LG전자,175767,317513,141746,18403436000,33225490300,14822054300
20260119,ALL,연기금 등,006400,삼성SDI,82998,122670,39672,25231775000,37432917750,12201142750
20260119,ALL,연기금 등,005935,삼성전자우,37758,122994,85236,4169044450,13610218150,9441173700
20260119,ALL,연기금 등,058610,에스피지,7562,94899,87337,809640250,9948400950,9138760700
20260119,ALL,연기금 등,010130,고려아연,5888,11234,5346,9396151000,17908544500,8512393500
20260119,ALL,연기금 등,277810,레인보우로보틱스,374,15373,14999,191368000,7840324500,7648956500
20260119,ALL,연기금 등,353200,대덕전자,6982,147075,140093,358690975,7557338650,7198647675
20260119,ALL,연기금 등,064400,LG씨엔에스,11606,111844,100238,826061100,7934814700,7108753600
20260119,ALL,연기금 등,271560,오리온,6492,62137,55645,732739550,7001791900,6269052350
20260119,ALL,연기금 등,005490,POSCO홀딩스,67386,85591,18205,23054655750,29184856500,6130200750
20260119,ALL,연기금 등,352820,하이브,44486,61841,17355,15826102750,21895833250,6069730500
20260119,ALL,연기금 등,329180,HD현대중공업,23398,31365,7967,15040817000,20100414000,5059597000
20260119,ALL,연기금 등,267250,HD현대,20281,40369,20088,4919603500,9843809250,4924205750
20260119,ALL,연기금 등,003490,대한항공,341850,536996,195146,8239501375,12964816600,4725315225
20260119,ALL,연기금 등,204320,HL만도,120185,181439,61254,8015769700,12083609650,4067839950
20260119,ALL,연기금 등,003670,포스코퓨처엠,53296,73322,20026,10326892350,14163783250,3836890900
20260119,ALL,연기금 등,476830,알지노믹스,11725,31761,20036,1909807150,5204695900,3294888750
20260119,ALL,연기금 등,278470,에이피알,10981,24707,13726,2599065500,5845692500,3246627000
20260119,ALL,연기금 등,457190,이수스페셜티케미컬,22801,70763,47962,1752523550,4924383450,3171859900
20260119,ALL,연기금 등,128940,한미약품,6289,13042,6753,2783050000,5763257500,2980207500
20260119,ALL,연기금 등,047050,포스코인터내셔널,107542,156062,48520,6649091500,9552337550,2903246050
20260119,ALL,연기금 등,006650,대한유화,2818,21566,18748,426314950,3307451400,2881136450
20260119,ALL,연기금 등,047810,한국항공우주,171082,187513,16431,28528916700,31307659800,2778743100
20260119,ALL,연기금 등,011780,금호석유화학,3202,22867,19665,449120850,3215251900,2766131050
20260119,ALL,연기금 등,108490,로보티즈,670,10662,9992,181247250,2897677750,2716430500
20260119,ALL,연기금 등,005385,현대차우,10225,19810,9585,2896701750,5609134750,2712433000
20260119,ALL,연기금 등,011210,현대위아,12519,41118,28599,1143249350,3764594100,2621344750
20260119,ALL,연기금 등,015760,한국전력,327573,375358,47785,18225216200,20810038050,2584821850
20260119,ALL,연기금 등,005387,현대차2우B,4660,13437,8777,1357110500,3901483750,2544373250
20260119,ALL,연기금 등,004020,현대제철,25153,98178,73025,789809075,3080956725,2291147650
20260119,ALL,연기금 등,272210,한화시스템,123486,148229,24743,11357353850,13640828750,2283474900
20260119,ALL,연기금 등,010950,S-Oil,13169,37473,24304,1188839050,3390687700,2201848650
20260119,ALL,연기금 등,042660,한화오션,217332,231631,14299,32208280750,34361894750,2153614000
20260119,ALL,연기금 등,183300,코미코,1133,22334,21201,111704300,2232478550,2120774250
20260119,ALL,연기금 등,001120,LX인터내셔널,786,59343,58557,28458200,2148410550,2119952350
20260119,ALL,연기금 등,259960,크래프톤,8288,16961,8673,1966647250,4038391750,2071744500
20260119,ALL,연기금 등,064760,티씨케이,339,12122,11783,58244200,2083903550,2025659350
20260119,ALL,연기금 등,000880,한화,34806,50111,15305,4352986300,6268057150,1915070850
20260119,ALL,연기금 등,298020,효성티앤씨,1307,7844,6537,382539750,2294773500,1912233750
20260119,ALL,연기금 등,456160,지투지바이오,16,21768,21752,1399500,1899644900,1898245400
20260119,ALL,연기금 등,489790,한화비전,1185,35537,34352,64175150,1926483950,1862308800
20260119,ALL,연기금 등,131290,티에스이,7092,34809,27717,462182100,2277361750,1815179650
20260119,ALL,연기금 등,347850,디앤디파마텍,3466,21603,18137,319593500,2028757050,1709163550
20260119,ALL,연기금 등,226950,올릭스,2167,14191,12024,304134650,1994097950,1689963300
20260119,ALL,연기금 등,007810,코리아써키트,0,26411,26411,0,1666631800,1666631800
20260119,ALL,연기금 등,017960,한국카본,10565,55049,44484,384794150,2007780875,1622986725
20260119,ALL,연기금 등,000150,두산,3361,5261,1900,2817559500,4408685500,1591126000
20260119,ALL,연기금 등,000990,DB하이텍,20756,38477,17721,1779133350,3324309400,1545176050
20260119,ALL,연기금 등,066970,엘앤에프,41470,55160,13690,4653325000,6191081100,1537756100
20260119,ALL,연기금 등,295310,에이치브이엠,0,19660,19660,0,1511708100,1511708100
20260119,ALL,연기금 등,103590,일진전기,3958,27952,23994,247796200,1756315300,1508519100
20260119,ALL,연기금 등,071970,HD현대마린엔진,7351,23054,15703,698634100,2194105400,1495471300
20260119,ALL,연기금 등,272290,이녹스첨단소재,3475,63138,59663,85048450,1545296325,1460247875
20260119,ALL,연기금 등,003550,LG,17030,33076,16046,1510160700,2924007000,1413846300
20260119,ALL,연기금 등,052690,한전기술,26237,36917,10680,3455558950,4858325450,1402766500
20260119,ALL,연기금 등,336260,두산퓨얼셀,0,35412,35412,0,1345923775,1345923775
20260119,ALL,연기금 등,298040,효성중공업,1902,2448,546,4495894000,5820168500,1324274500
20260119,ALL,연기금 등,079550,LIG넥스원,14845,16999,2154,8148655000,9357091000,1208436000
20260119,ALL,연기금 등,388720,유일로보틱스,172,11574,11402,16838250,1142045150,1125206900
20260119,ALL,연기금 등,064350,현대로템,39995,45175,5180,8609429750,9731020000,1121590250
20260119,ALL,연기금 등,241710,코스메카코리아,309,16235,15926,20304300,1073703350,1053399050
20260119,ALL,연기금 등,031980,피에스케이홀딩스,617,18458,17841,36125650,1087204300,1051078650
20260119,ALL,연기금 등,454910,두산로보틱스,154610,164210,9600,16476834400,17525872050,1049037650
20260119,ALL,연기금 등,131970,두산테스나,202,19757,19555,10631300,1035184350,1024553050
20260119,ALL,연기금 등,247540,에코프로비엠,54178,60703,6525,8100815950,9078829950,978014000
20260119,ALL,연기금 등,105840,우진,1415,41026,39611,31393800,916607350,885213550
20260119,ALL,연기금 등,399720,가온칩스,220,12968,12748,13510850,800186700,786675850
20260119,ALL,연기금 등,160190,하이젠알앤엠,2111,13418,11307,137915000,871744750,733829750
20260119,ALL,연기금 등,033780,KT&G,23075,28067,4992,3341121000,4065865250,724744250
20260119,ALL,연기금 등,006040,동원산업,3624,20635,17011,148151050,845449250,697298200
20260119,ALL,연기금 등,005940,NH투자증권,37020,66961,29941,833938050,1510494675,676556625
20260119,ALL,연기금 등,083650,비에이치아이,340,11183,10843,21019800,690759550,669739750
20260119,ALL,연기금 등,253450,스튜디오드래곤,488,14706,14218,22339250,674414250,652075000
20260119,ALL,연기금 등,178320,서진시스템,632,22706,22074,18412400,663864975,645452575
20260119,ALL,연기금 등,365340,성일하이텍,64,13151,13087,3128900,634288600,631159700
20260119,ALL,연기금 등,122870,와이지엔터테인먼트,1310,9635,8325,92684850,680327350,587642500
20260119,ALL,연기금 등,001430,세아베스틸지주,6303,14353,8050,444095100,1015318900,571223800
20260119,ALL,연기금 등,348210,넥스틴,440,8128,7688,32209000,595365100,563156100
20260119,ALL,연기금 등,000500,가온전선,0,5865,5865,0,540318100,540318100
20260119,ALL,연기금 등,085670,뉴프렉스,0,92831,92831,0,538506670,538506670
20260119,ALL,연기금 등,095610,테스,6246,16744,10498,316251250,850539400,534288150
20260119,ALL,연기금 등,071050,한국금융지주,20478,23406,2928,3739760450,4259416900,519656450
20260119,ALL,연기금 등,466100,클로봇,312,7091,6779,23243300,524246150,501002850
20260119,ALL,연기금 등,139480,이마트,4975,10759,5784,410448400,890853350,480404950
20260119,ALL,연기금 등,000670,영풍,997,10045,9048,52495000,530972150,478477150
20260119,ALL,연기금 등,009970,영원무역홀딩스,1389,3923,2534,257899600,729371500,471471900
20260119,ALL,연기금 등,006120,SK디스커버리,4607,12289,7682,276758500,743736800,466978300
20260119,ALL,연기금 등,082740,한화엔진,12552,20967,8415,691793300,1157520650,465727350
20260119,ALL,연기금 등,005300,롯데칠성,207,3567,3360,26455200,456574900,430119700
20260119,ALL,연기금 등,000720,현대건설,223959,228437,4478,23875427850,24304581850,429154000
20260119,ALL,연기금 등,214370,케어젠,789,6225,5436,60406300,479227450,418821150
20260119,ALL,연기금 등,389470,인벤티지랩,0,5000,5000,0,417000000,417000000
20260119,ALL,연기금 등,023160,태광,0,14920,14920,0,401765950,401765950
20260119,ALL,연기금 등,180640,한진칼,8377,11415,3038,1080692100,1477746450,397054350
20260119,ALL,연기금 등,482630,삼양엔씨켐,0,15000,15000,0,377895925,377895925
20260119,ALL,연기금 등,032820,우리기술,68044,127709,59665,366057620,742900650,376843030
20260119,ALL,연기금 등,377300,카카오페이,27573,35389,7816,1318270700,1693548025,375277325
20260119,ALL,연기금 등,017800,현대엘리베이터,7139,11190,4051,643875750,1008733200,364857450
20260119,ALL,연기금 등,023530,롯데쇼핑,4212,9013,4801,315970200,679412450,363442250
20260119,ALL,연기금 등,051915,LG화학우,78,2285,2207,13045300,375757050,362711750
20260119,ALL,연기금 등,056080,유진로봇,292,11616,11324,8927025,351710800,342783775
20260119,ALL,연기금 등,450080,에코프로머티,12775,18850,6075,711133300,1051125300,339992000
20260119,ALL,연기금 등,011790,SKC,12607,15678,3071,1390469250,1723815050,333345800
20260119,ALL,연기금 등,003090,대웅,7292,22026,14734,158000100,478271950,320271850
20260119,ALL,연기금 등,008770,호텔신라,13160,20138,6978,603399150,923262550,319863400
20260119,ALL,연기금 등,237690,에스티팜,7238,9813,2575,895005800,1213801950,318796150
20260119,ALL,연기금 등,008930,한미사이언스,5954,13965,8011,226843600,532304125,305460525
20260119,ALL,연기금 등,051500,CJ프레시웨이,0,11751,11751,0,295973750,295973750
20260119,ALL,연기금 등,126720,수산인더스트리,11,11191,11180,286350,290908450,290622100
20260119,ALL,연기금 등,078600,대주전자재료,576,5076,4500,34810550,313143750,278333200
20260119,ALL,연기금 등,281740,레이크머티리얼즈,3266,21370,18104,51564390,322678900,271114510
20260119,ALL,연기금 등,417200,LS머트리얼즈,824,21006,20182,11034965,281096475,270061510
20260119,ALL,연기금 등,036810,에프에스티,1563,9717,8154,50090875,311659000,261568125
20260119,ALL,연기금 등,448900,한국피아이엠,0,3168,3168,0,261253900,261253900
20260119,ALL,연기금 등,437730,삼현,0,3568,3568,0,258370900,258370900
20260119,ALL,연기금 등,052710,아모텍,0,28922,28922,0,256498880,256498880
20260119,ALL,연기금 등,079900,전진건설로봇,0,4745,4745,0,238954575,238954575
20260119,ALL,연기금 등,034230,파라다이스,59187,73270,14083,994036635,1230907415,236870780
20260119,ALL,연기금 등,005440,현대지에프홀딩스,19,27847,27828,158040,233338180,233180140
20260119,ALL,연기금 등,030610,교보증권,0,23214,23214,0,232529710,232529710
20260119,ALL,연기금 등,145020,휴젤,3478,4418,940,810955750,1041782500,230826750
20260119,ALL,연기금 등,012750,에스원,4404,7440,3036,335056100,565547650,230491550
20260119,ALL,연기금 등,002380,KCC,1030,1510,480,443366250,650819000,207452750
20260119,ALL,연기금 등,232140,와이씨,720,14489,13769,10476155,211428150,200951995
20260119,ALL,연기금 등,494120,큐리오시스,0,4529,4529,0,200201050,200201050
20260119,ALL,연기금 등,005830,DB손해보험,9261,10831,1570,1149170050,1347203600,198033550
20260119,ALL,연기금 등,004990,롯데지주,6442,13391,6949,182249525,378869300,196619775
20260119,ALL,연기금 등,189300,인텔리안테크,568,3401,2833,39080200,235471500,196391300
20260119,ALL,연기금 등,007860,서연,0,17142,17142,0,188267735,188267735
20260119,ALL,연기금 등,353810,이지바이오,0,29417,29417,0,183663420,183663420
20260119,ALL,연기금 등,044490,태웅,1771,7797,6026,52256475,231489600,179233125
20260119,ALL,연기금 등,048410,현대바이오,1796,33787,31991,10004420,188170380,178165960
20260119,ALL,연기금 등,018670,SK가스,1338,2121,783,297658500,473748000,176089500
20260119,ALL,연기금 등,00680K,미래에셋증권2우B,2528,15666,13138,33080560,204654600,171574040
20260119,ALL,연기금 등,064290,인텍플러스,0,10869,10869,0,157853930,157853930
20260119,ALL,연기금 등,200880,서연이화,0,9233,9233,0,153291290,153291290
20260119,ALL,연기금 등,327260,RF머트리얼즈,0,6593,6593,0,151400200,151400200
20260119,ALL,연기금 등,003160,디아이,0,5113,5113,0,150307175,150307175
20260119,ALL,연기금 등,004800,효성,94,1083,989,14202100,163724350,149522250
20260119,ALL,연기금 등,033240,자화전자,0,6400,6400,0,146455150,146455150
20260119,ALL,연기금 등,010060,OCI홀딩스,3601,4864,1263,411534400,555169100,143634700
20260119,ALL,연기금 등,357780,솔브레인,324,789,465,98912000,241342500,142430500
20260119,ALL,연기금 등,007700,F&F홀딩스,0,7119,7119,0,140402890,140402890
20260119,ALL,연기금 등,310210,보로노이,2070,2810,740,396208200,535599300,139391100
20260119,ALL,연기금 등,02826K,삼성물산우B,0,750,750,0,127880000,127880000
20260119,ALL,연기금 등,330590,롯데리츠,0,30181,30181,0,126982910,126982910
20260119,ALL,연기금 등,192650,드림텍,0,17133,17133,0,126501570,126501570
20260119,ALL,연기금 등,007310,오뚜기,587,895,308,224149250,342060500,117911250
20260119,ALL,연기금 등,441270,파인엠텍,0,12643,12643,0,113830500,113830500
20260119,ALL,연기금 등,009900,명신산업,0,11660,11660,0,109315765,109315765
20260119,ALL,연기금 등,039130,하나투어,324,2688,2364,14702450,122164950,107462500
20260119,ALL,연기금 등,126340,비나텍,295,1537,1242,25416000,132562000,107146000
20260119,ALL,연기금 등,033100,제룡전기,300,2824,2524,11915100,112607050,100691950
20260119,ALL,연기금 등,130660,한전산업,0,7645,7645,0,88706570,88706570
20260119,ALL,연기금 등,030190,NICE평가정보,0,5437,5437,0,85475215,85475215
20260119,ALL,연기금 등,211050,인카금융서비스,476,7284,6808,5814560,89075670,83261110
20260119,ALL,연기금 등,052400,코나아이,64,1812,1748,2832350,80155750,77323400
20260119,ALL,연기금 등,079370,제우스,268,5183,4915,4190450,81049070,76858620
20260119,ALL,연기금 등,425420,티에프이,0,2178,2178,0,74351125,74351125
20260119,ALL,연기금 등,140410,메지온,1275,2086,811,114892550,188158900,73266350
20260119,ALL,연기금 등,0120G0,삼양바이오팜,0,1000,1000,0,69811100,69811100
20260119,ALL,연기금 등,006730,서부T&D,448,5391,4943,6252340,75513845,69261505
20260119,ALL,연기금 등,086450,동국제약,2023,6213,4190,33235185,102139780,68904595
20260119,ALL,연기금 등,264900,크라운제과,0,7869,7869,0,66694200,66694200
20260119,ALL,연기금 등,053030,바이넥스,3707,8529,4822,51038455,117499115,66460660
20260119,ALL,연기금 등,204270,제이앤티씨,449,3964,3515,8486165,74652220,66166055
20260119,ALL,연기금 등,338840,와이바이오로직스,0,2368,2368,0,64752100,64752100
20260119,ALL,연기금 등,328130,루닛,1118,2744,1626,43885475,108045050,64159575
20260119,ALL,연기금 등,036930,주성엔지니어링,1901,3780,1879,60031050,119420675,59389625
20260119,ALL,연기금 등,137400,피엔티,436,1971,1535,17047175,76430275,59383100
20260119,ALL,연기금 등,036620,감성코퍼레이션,8941,20234,11293,46103490,104605750,58502260
20260119,ALL,연기금 등,236200,슈프리마,0,1560,1560,0,56393000,56393000
20260119,ALL,연기금 등,005180,빙그레,6,723,717,455400,54979500,54524100
20260119,ALL,연기금 등,222800,심텍,1679,2728,1049,86013300,139582600,53569300
20260119,ALL,연기금 등,001500,현대차증권,0,5910,5910,0,50248925,50248925
20260119,ALL,연기금 등,097520,엠씨넥스,0,1583,1583,0,49584850,49584850
20260119,ALL,연기금 등,286940,롯데이노베이트,0,2177,2177,0,48615300,48615300
20260119,ALL,연기금 등,031430,신세계인터내셔날,0,4488,4488,0,48081580,48081580
20260119,ALL,연기금 등,0030R0,대신밸류리츠,0,10333,10333,0,46718190,46718190
20260119,ALL,연기금 등,357120,코람코라이프인프라리츠,0,10519,10519,0,46652695,46652695
20260119,ALL,연기금 등,003200,일신방직,0,3754,3754,0,46303640,46303640
20260119,ALL,연기금 등,047040,대우건설,128951,138805,9854,581356009,626168836,44812827
20260119,ALL,연기금 등,090460,비에이치,2034,4567,2533,32978665,74260370,41281705
20260119,ALL,연기금 등,083450,GST,42,1367,1325,1152950,37503650,36350700
20260119,ALL,연기금 등,000240,한국앤컴퍼니,4128,5411,1283,110191750,145176700,34984950
20260119,ALL,연기금 등,006800,미래에셋증권,336907,336927,20,10720975550,10754560200,33584650
20260119,ALL,연기금 등,003690,코리안리,0,2978,2978,0,32631300,32631300
20260119,ALL,연기금 등,090710,휴림로봇,0,2000,2000,0,29680000,29680000
20260119,ALL,연기금 등,321550,티움바이오,0,5000,5000,0,29273500,29273500
20260119,ALL,연기금 등,014680,한솔케미칼,1592,1697,105,389978000,414874250,24896250
20260119,ALL,연기금 등,215000,골프존,134,602,468,7056100,31754050,24697950
20260119,ALL,연기금 등,077970,STX엔진,41,660,619,1548550,24983700,23435150
20260119,ALL,연기금 등,036530,SNT홀딩스,0,400,400,0,22407900,22407900
20260119,ALL,연기금 등,003540,대신증권,24,854,830,645100,23041300,22396200
20260119,ALL,연기금 등,005430,한국공항,0,326,326,0,21516200,21516200
20260119,ALL,연기금 등,025320,시노펙스,1239,5000,3761,6928895,27950000,21021105
20260119,ALL,연기금 등,484870,엠앤씨솔루션,95,219,124,15692700,36176450,20483750
20260119,ALL,연기금 등,001940,KISCO홀딩스,1000,1769,769,26166500,46365350,20198850
20260119,ALL,연기금 등,950160,코오롱티슈진,0,260,260,0,19971700,19971700
20260119,ALL,연기금 등,000070,삼양홀딩스,0,329,329,0,19111200,19111200
20260119,ALL,연기금 등,053800,안랩,120,437,317,7147550,26084800,18937250
20260119,ALL,연기금 등,035510,신세계 I&C,0,942,942,0,16207815,16207815
20260119,ALL,연기금 등,095660,네오위즈,268,896,628,6831050,22876625,16045575
20260119,ALL,연기금 등,267290,경동도시가스,0,754,754,0,15661200,15661200
20260119,ALL,연기금 등,088260,이리츠코크렙,0,3295,3295,0,15592175,15592175
20260119,ALL,연기금 등,096760,JW홀딩스,0,4343,4343,0,15532565,15532565
20260119,ALL,연기금 등,091810,티웨이항공,0,10229,10229,0,15360493,15360493
20260119,ALL,연기금 등,001270,부국증권,0,244,244,0,15295900,15295900
20260119,ALL,연기금 등,003530,한화투자증권,0,3034,3034,0,14979452,14979452
20260119,ALL,연기금 등,280360,롯데웰푸드,860,993,133,93970700,108462400,14491700
20260119,ALL,연기금 등,075580,세진중공업,0,614,614,0,12683150,12683150
20260119,ALL,연기금 등,005690,파미셀,0,969,969,0,12527390,12527390
20260119,ALL,연기금 등,214320,이노션,5,632,627,91970,11649680,11557710
20260119,ALL,연기금 등,229640,LS에코에너지,0,282,282,0,10791050,10791050
20260119,ALL,연기금 등,249420,일동제약,527,800,273,20510350,31171700,10661350
20260119,ALL,연기금 등,060150,인선이엔티,0,2450,2450,0,10547250,10547250
20260119,ALL,연기금 등,001720,신영증권,0,70,70,0,10427900,10427900
20260119,ALL,연기금 등,009520,포스코엠텍,380,945,565,6956780,17249450,10292670
20260119,ALL,연기금 등,008730,율촌화학,1844,2160,316,50174850,58216375,8041525
20260119,ALL,연기금 등,123410,코리아에프티,0,875,875,0,7213875,7213875
20260119,ALL,연기금 등,078520,에이블씨엔씨,0,762,762,0,7089540,7089540
20260119,ALL,연기금 등,395400,SK리츠,0,1243,1243,0,6963300,6963300
20260119,ALL,연기금 등,013890,지누스,0,566,566,0,6804980,6804980
20260119,ALL,연기금 등,007460,에이프로젠,0,10000,10000,0,6500000,6500000
20260119,ALL,연기금 등,001820,삼화콘덴서,0,195,195,0,5682850,5682850
20260119,ALL,연기금 등,356860,티엘비,22,118,96,1272900,6833400,5560500
20260119,ALL,연기금 등,011930,신성이엔지,0,3539,3539,0,5556714,5556714
20260119,ALL,연기금 등,097230,HJ중공업,16,212,196,416650,5565800,5149150
20260119,ALL,연기금 등,474650,링크솔루션,0,76,76,0,5025550,5025550
20260119,ALL,연기금 등,078350,한양디지텍,0,209,209,0,4943550,4943550
20260119,ALL,연기금 등,007340,DN오토모티브,3911,4139,228,93802025,98671775,4869750
20260119,ALL,연기금 등,053690,한미글로벌,0,258,258,0,4741850,4741850
20260119,ALL,연기금 등,031330,에스에이엠티,0,1174,1174,0,4696311,4696311
20260119,ALL,연기금 등,194700,노바렉스,0,333,333,0,4547435,4547435
20260119,ALL,연기금 등,460860,동국제강,15,570,555,123550,4651330,4527780
20260119,ALL,연기금 등,453340,현대그린푸드,0,288,288,0,4297560,4297560
20260119,ALL,연기금 등,079160,CJ CGV,0,698,698,0,4175500,4175500
20260119,ALL,연기금 등,305090,마이크로디지탈,0,417,417,0,4126150,4126150
20260119,ALL,연기금 등,099410,동방선기,0,770,770,0,4115370,4115370
20260119,ALL,연기금 등,220100,퓨쳐켐,0,162,162,0,4001250,4001250
20260119,ALL,연기금 등,468530,프로티나,0,46,46,0,3937000,3937000
20260119,ALL,연기금 등,094170,동운아나텍,0,145,145,0,3925575,3925575
20260119,ALL,연기금 등,000370,한화손해보험,0,573,573,0,3250060,3250060
20260119,ALL,연기금 등,001800,오리온홀딩스,3731,3876,145,76056975,78991650,2934675
20260119,ALL,연기금 등,185750,종근당,1379,1413,34,114738950,117627800,2888850
20260119,ALL,연기금 등,003030,세아제강지주,231,254,23,27892100,30392600,2500500
20260119,ALL,연기금 등,404990,신한서부티엔디리츠,0,661,661,0,2466498,2466498
20260119,ALL,연기금 등,009470,삼화전기,0,77,77,0,2299400,2299400
20260119,ALL,연기금 등,013580,계룡건설,0,113,113,0,2275860,2275860
20260119,ALL,연기금 등,017940,E1,0,28,28,0,2259600,2259600
20260119,ALL,연기금 등,002020,코오롱,7,57,50,312300,2551750,2239450
20260119,ALL,연기금 등,381970,케이카,0,149,149,0,2222130,2222130
20260119,ALL,연기금 등,284740,쿠쿠홈시스,0,99,99,0,2191800,2191800
20260119,ALL,연기금 등,105630,한세실업,19,176,157,265170,2452710,2187540
20260119,ALL,연기금 등,003850,보령,0,249,249,0,2178770,2178770
20260119,ALL,연기금 등,085910,네오티스,423,532,109,4678935,5849545,1170610
20260119,ALL,연기금 등,035760,CJ ENM,1356,1364,8,83723900,84360000,636100
20260119,ALL,연기금 등,025880,케이씨피드,0,200,200,0,532000,532000
20260119,ALL,연기금 등,265520,AP시스템,0,0,0,0,0,0
20260119,ALL,연기금 등,474610,RF시스템즈,0,0,0,0,0,0
20260119,ALL,연기금 등,217190,제너셈,16,0,-16,80090,0,-80090
20260119,ALL,연기금 등,089980,상아프론테크,6,0,-6,90270,0,-90270
20260119,ALL,연기금 등,092070,디엔에프,8,0,-8,133660,0,-133660
20260119,ALL,연기금 등,098070,한텍,4,0,-4,138600,0,-138600
20260119,ALL,연기금 등,014830,유니드,2,0,-2,139800,0,-139800
20260119,ALL,연기금 등,123860,아나패스,10,0,-10,168680,0,-168680
20260119,ALL,연기금 등,200670,휴메딕스,5,0,-5,198950,0,-198950
20260119,ALL,연기금 등,083930,아바코,18,0,-18,231040,0,-231040
20260119,ALL,연기금 등,213500,한솔제지,29,0,-29,231815,0,-231815
20260119,ALL,연기금 등,484590,삼양컴텍,22,0,-22,298800,0,-298800
20260119,ALL,연기금 등,355150,코스텍시스,24,0,-24,300560,0,-300560
20260119,ALL,연기금 등,114840,아이패밀리에스씨,21,0,-21,321940,0,-321940
20260119,ALL,연기금 등,195870,해성디에스,422,416,-6,23211400,22867450,-343950
20260119,ALL,연기금 등,013030,하이록코리아,13,0,-13,417000,0,-417000
20260119,ALL,연기금 등,002795,아모레퍼시픽홀딩스우,38,0,-38,444980,0,-444980
20260119,ALL,연기금 등,484120,도우인시스,20,0,-20,462900,0,-462900
20260119,ALL,연기금 등,032500,케이엠더블유,472,436,-36,6803240,6284815,-518425
20260119,ALL,연기금 등,101160,월덱스,26,0,-26,577750,0,-577750
20260119,ALL,연기금 등,475400,씨메스,22,0,-22,827825,0,-827825
20260119,ALL,연기금 등,002030,아세아,32,29,-3,9001500,8140000,-861500
20260119,ALL,연기금 등,282720,금양그린파워,101,0,-101,996865,0,-996865
20260119,ALL,연기금 등,025900,동화기업,128,0,-128,1006505,0,-1006505
20260119,ALL,연기금 등,403850,더핑크퐁컴퍼니,48,0,-48,1152250,0,-1152250
20260119,ALL,연기금 등,297090,씨에스베어링,206,0,-206,1183895,0,-1183895
20260119,ALL,연기금 등,000080,하이트진로,5304,5222,-82,94987350,93433825,-1553525
20260119,ALL,연기금 등,37550K,DL이앤씨우,73,0,-73,1629000,0,-1629000
20260119,ALL,연기금 등,066575,LG전자우,31,0,-31,1677750,0,-1677750
20260119,ALL,연기금 등,389030,지니너스,500,0,-500,1750000,0,-1750000
20260119,ALL,연기금 등,004000,롯데정밀화학,2726,2697,-29,121541150,119613975,-1927175
20260119,ALL,연기금 등,036830,솔브레인홀딩스,52,0,-52,1982650,0,-1982650
20260119,ALL,연기금 등,200130,콜마비앤에이치,164,0,-164,1998430,0,-1998430
20260119,ALL,연기금 등,002840,미원상사,72,58,-14,10552800,8515600,-2037200
20260119,ALL,연기금 등,089890,코세스,85,0,-85,2060225,0,-2060225
20260119,ALL,연기금 등,101730,위메이드맥스,404,0,-404,2416520,0,-2416520
20260119,ALL,연기금 등,018880,한온시스템,77068,76682,-386,243785939,241273521,-2512418
20260119,ALL,연기금 등,006405,삼성SDI우,15,0,-15,2566550,0,-2566550
20260119,ALL,연기금 등,458870,씨어스테크놀로지,26,0,-26,3327900,0,-3327900
20260119,ALL,연기금 등,071320,지역난방공사,466,432,-34,48888200,45350700,-3537500
20260119,ALL,연기금 등,032190,다우데이타,216,0,-216,3779880,0,-3779880
20260119,ALL,연기금 등,023960,에쓰씨엔지니어링,2700,0,-2700,3845894,0,-3845894
20260119,ALL,연기금 등,009240,한샘,1387,1296,-91,61297900,57348100,-3949800
20260119,ALL,연기금 등,253590,네오셈,360,0,-360,4014280,0,-4014280
20260119,ALL,연기금 등,179900,유티아이,192,0,-192,4155250,0,-4155250
20260119,ALL,연기금 등,069080,웹젠,360,0,-360,4348195,0,-4348195
20260119,ALL,연기금 등,016800,퍼시스,100,0,-100,4371650,0,-4371650
20260119,ALL,연기금 등,046890,서울반도체,824,0,-824,4800040,0,-4800040
20260119,ALL,연기금 등,005250,녹십자홀딩스,3899,3564,-335,56771210,51868975,-4902235
20260119,ALL,연기금 등,085620,미래에셋생명,1755,1201,-554,15672260,10731260,-4941000
20260119,ALL,연기금 등,304100,솔트룩스,200,0,-200,5357325,0,-5357325
20260119,ALL,연기금 등,060370,LS마린솔루션,546,297,-249,15592875,8477925,-7114950
20260119,ALL,연기금 등,005945,NH투자증권우,368,0,-368,7424400,0,-7424400
20260119,ALL,연기금 등,015230,대창단조,1182,0,-1182,7454880,0,-7454880
20260119,ALL,연기금 등,194480,데브시스터즈,496,257,-239,16236800,8451300,-7785500
20260119,ALL,연기금 등,268280,미원에스씨,87,29,-58,11681600,3873100,-7808500
20260119,ALL,연기금 등,060280,큐렉소,592,0,-592,8481730,0,-8481730
20260119,ALL,연기금 등,000320,노루홀딩스,500,0,-500,9941900,0,-9941900
20260119,ALL,연기금 등,101360,에코앤드림,580,0,-580,10302575,0,-10302575
20260119,ALL,연기금 등,007070,GS리테일,6774,6211,-563,141917600,130707050,-11210550
20260119,ALL,연기금 등,020150,롯데에너지머티리얼즈,2507,2115,-392,83493600,72112525,-11381075
20260119,ALL,연기금 등,010955,S-Oil우,228,0,-228,11442700,0,-11442700
20260119,ALL,연기금 등,035150,백산,1000,0,-1000,12524030,0,-12524030
20260119,ALL,연기금 등,000215,DL우,588,0,-588,12818900,0,-12818900
20260119,ALL,연기금 등,030520,한글과컴퓨터,926,303,-623,20718875,6799650,-13919225
20260119,ALL,연기금 등,005389,현대차3우B,52,0,-52,14701750,0,-14701750
20260119,ALL,연기금 등,161580,필옵틱스,473,126,-347,20704050,5514475,-15189575
20260119,ALL,연기금 등,009070,KCTC,2471,0,-2471,15273885,0,-15273885
20260119,ALL,연기금 등,214390,경보제약,2731,0,-2731,15277910,0,-15277910
20260119,ALL,연기금 등,007690,국도화학,437,0,-437,15301450,0,-15301450
20260119,ALL,연기금 등,019170,신풍제약,1222,0,-1222,15323660,0,-15323660
20260119,ALL,연기금 등,001680,대상,4034,3328,-706,87637275,72276400,-15360875
20260119,ALL,연기금 등,084690,대상홀딩스,1640,0,-1640,15371425,0,-15371425
20260119,ALL,연기금 등,007540,샘표,327,0,-327,15380275,0,-15380275
20260119,ALL,연기금 등,003460,유화증권,5713,0,-5713,15395235,0,-15395235
20260119,ALL,연기금 등,006110,삼아알미늄,670,0,-670,15492475,0,-15492475
20260119,ALL,연기금 등,000860,강남제비스코,974,0,-974,15889260,0,-15889260
20260119,ALL,연기금 등,058430,포스코스틸리온,400,0,-400,16300075,0,-16300075
20260119,ALL,연기금 등,086900,메디톡스,166,19,-147,19361500,2222700,-17138800
20260119,ALL,연기금 등,002960,한국쉘석유,50,6,-44,21444500,2577000,-18867500
20260119,ALL,연기금 등,104700,한국철강,2000,0,-2000,20015470,0,-20015470
20260119,ALL,연기금 등,102260,동성케미컬,5000,0,-5000,20293100,0,-20293100
20260119,ALL,연기금 등,093050,LF,1221,0,-1221,21062100,0,-21062100
20260119,ALL,연기금 등,003380,하림지주,2205,160,-2045,24335865,1758165,-22577700
20260119,ALL,연기금 등,073240,금호타이어,32772,28945,-3827,199767515,176906730,-22860785
20260119,ALL,연기금 등,025000,KPX케미칼,500,0,-500,23058700,0,-23058700
20260119,ALL,연기금 등,025980,아난티,2982,0,-2982,23375540,0,-23375540
20260119,ALL,연기금 등,293490,카카오게임즈,1665,0,-1665,23405815,0,-23405815
20260119,ALL,연기금 등,377190,디앤디플랫폼리츠,6900,0,-6900,23878750,0,-23878750
20260119,ALL,연기금 등,126560,현대퓨처넷,8000,0,-8000,25432865,0,-25432865
20260119,ALL,연기금 등,090435,아모레퍼시픽우,572,0,-572,25603600,0,-25603600
20260119,ALL,연기금 등,044450,KSS해운,3000,0,-3000,25946380,0,-25946380
20260119,ALL,연기금 등,007160,사조산업,500,0,-500,26978700,0,-26978700
20260119,ALL,연기금 등,065350,신성델타테크,520,68,-452,31530250,4117150,-27413100
20260119,ALL,연기금 등,108670,LX하우시스,1000,0,-1000,28443750,0,-28443750
20260119,ALL,연기금 등,102710,이엔에프테크놀로지,619,0,-619,28783725,0,-28783725
20260119,ALL,연기금 등,053210,스카이라이프,6143,0,-6143,28981780,0,-28981780
20260119,ALL,연기금 등,028300,HLB,3262,2716,-546,167001400,137947750,-29053650
20260119,ALL,연기금 등,383310,에코프로에이치엔,1285,0,-1285,29761100,0,-29761100
20260119,ALL,연기금 등,009155,삼성전기우,236,0,-236,30293600,0,-30293600
20260119,ALL,연기금 등,036540,SFA반도체,5875,0,-5875,31734400,0,-31734400
20260119,ALL,연기금 등,096530,씨젠,1347,0,-1347,31867350,0,-31867350
20260119,ALL,연기금 등,051600,한전KPS,4906,4315,-591,277396850,244673250,-32723600
20260119,ALL,연기금 등,00088K,한화3우B,668,0,-668,33806600,0,-33806600
20260119,ALL,연기금 등,267980,매일유업,1000,0,-1000,33811800,0,-33811800
20260119,ALL,연기금 등,323280,태성,818,0,-818,34395025,0,-34395025
20260119,ALL,연기금 등,092730,네오팜,2027,0,-2027,34659130,0,-34659130
20260119,ALL,연기금 등,072710,농심홀딩스,400,0,-400,34793250,0,-34793250
20260119,ALL,연기금 등,432320,KB스타리츠,9901,0,-9901,35303520,0,-35303520
20260119,ALL,연기금 등,112040,위메이드,1388,0,-1388,35963200,0,-35963200
20260119,ALL,연기금 등,056190,에스에프에이,2612,969,-1643,62277550,23382175,-38895375
20260119,ALL,연기금 등,008490,서흥,2000,0,-2000,39513810,0,-39513810
20260119,ALL,연기금 등,145990,삼양사,1000,98,-902,45554150,4469250,-41084900
20260119,ALL,연기금 등,041190,우리기술투자,5988,295,-5693,43246005,2138605,-41107400
20260119,ALL,연기금 등,050890,쏠리드,5770,0,-5770,42046310,0,-42046310
20260119,ALL,연기금 등,054920,한컴위드,10000,0,-10000,42525165,0,-42525165
20260119,ALL,연기금 등,225570,넥슨게임즈,3537,0,-3537,43042050,0,-43042050
20260119,ALL,연기금 등,080220,제주반도체,1399,0,-1399,43478400,0,-43478400
20260119,ALL,연기금 등,389260,대명에너지,2659,0,-2659,45308510,0,-45308510
20260119,ALL,연기금 등,004090,한국석유,3308,0,-3308,46103555,0,-46103555
20260119,ALL,연기금 등,004700,조광피혁,704,0,-704,46334400,0,-46334400
20260119,ALL,연기금 등,170900,동아에스티,918,0,-918,46367400,0,-46367400
20260119,ALL,연기금 등,263750,펄어비스,1811,651,-1160,73184850,26313150,-46871700
20260119,ALL,연기금 등,003240,태광산업,69,5,-64,50922000,3694000,-47228000
20260119,ALL,연기금 등,278280,천보,999,0,-999,47958550,0,-47958550
20260119,ALL,연기금 등,059090,미코,4114,438,-3676,54191700,5778985,-48412715
20260119,ALL,연기금 등,074600,원익QnC,2310,261,-2049,54708825,6206775,-48502050
20260119,ALL,연기금 등,082270,젬백스,2266,123,-2143,51858725,2818350,-49040375
20260119,ALL,연기금 등,271940,일진하이솔루스,3738,0,-3738,50134005,0,-50134005
20260119,ALL,연기금 등,396690,미래에셋글로벌리츠,19300,0,-19300,50180000,0,-50180000
20260119,ALL,연기금 등,348370,엔켐,821,0,-821,50764250,0,-50764250
20260119,ALL,연기금 등,119850,지엔씨에너지,1431,0,-1431,50800050,0,-50800050
20260119,ALL,연기금 등,377740,바이오노트,10000,0,-10000,51087650,0,-51087650
20260119,ALL,연기금 등,00279K,아모레퍼시픽홀딩스3우C,2500,0,-2500,51911600,0,-51911600
20260119,ALL,연기금 등,011785,금호석유화학우,757,0,-757,52038600,0,-52038600
20260119,ALL,연기금 등,352480,씨앤씨인터내셔널,1749,0,-1749,52295700,0,-52295700
20260119,ALL,연기금 등,057050,현대홈쇼핑,1000,0,-1000,52522500,0,-52522500
20260119,ALL,연기금 등,376300,디어유,2002,445,-1557,67842700,15114025,-52728675
20260119,ALL,연기금 등,094280,효성ITX,4300,0,-4300,53059315,0,-53059315
20260119,ALL,연기금 등,362320,청담글로벌,10010,0,-10010,54675620,0,-54675620
20260119,ALL,연기금 등,028670,팬오션,86965,74305,-12660,358442163,302986702,-55455461
20260119,ALL,연기금 등,00104K,CJ4우(전환),357,0,-357,56370300,0,-56370300
20260119,ALL,연기금 등,011760,현대코퍼레이션,2667,0,-2667,57401600,0,-57401600
20260119,ALL,연기금 등,078930,GS,10852,9868,-984,651029000,593447900,-57581100
20260119,ALL,연기금 등,222080,씨아이에스,8622,0,-8622,58762950,0,-58762950
20260119,ALL,연기금 등,317450,명인제약,1000,0,-1000,59739300,0,-59739300
20260119,ALL,연기금 등,068760,셀트리온제약,1057,71,-986,64226100,4312750,-59913350
20260119,ALL,연기금 등,096770,SK이노베이션,35571,35225,-346,3733128050,3673096350,-60031700
20260119,ALL,연기금 등,060250,NHN KCP,10352,5994,-4358,147034270,85510850,-61523420
20260119,ALL,연기금 등,089590,제주항공,12323,1613,-10710,71586840,9371415,-62215425
20260119,ALL,연기금 등,136540,윈스테크넷,6500,0,-6500,70285840,0,-70285840
20260119,ALL,연기금 등,039570,HDC랩스,8800,0,-8800,70383740,0,-70383740
20260119,ALL,연기금 등,042000,카페24,4550,2217,-2333,143704025,70760000,-72944025
20260119,ALL,연기금 등,089030,테크윙,1764,207,-1557,85230100,10020800,-75209300
20260119,ALL,연기금 등,020560,아시아나항공,11323,1447,-9876,87541035,11178530,-76362505
20260119,ALL,연기금 등,029530,신도리코,1706,0,-1706,78210300,0,-78210300
20260119,ALL,연기금 등,049470,비트플래닛,91225,0,-91225,79022383,0,-79022383
20260119,ALL,연기금 등,082640,동양생명,12842,1351,-11491,88697295,9373395,-79323900
20260119,ALL,연기금 등,140860,파크시스템스,1257,937,-320,305410500,225359250,-80051250
20260119,ALL,연기금 등,005880,대한해운,54672,9843,-44829,97717843,17574525,-80143318
20260119,ALL,연기금 등,086520,에코프로,47459,46790,-669,4438045300,4357364750,-80680550
20260119,ALL,연기금 등,108860,셀바스AI,6925,0,-6925,82358410,0,-82358410
20260119,ALL,연기금 등,073110,엘엠에스,14000,0,-14000,82641270,0,-82641270
20260119,ALL,연기금 등,001630,종근당홀딩스,1846,0,-1846,82745150,0,-82745150
20260119,ALL,연기금 등,394800,쓰리빌리언,6036,440,-5596,90762060,6699650,-84062410
20260119,ALL,연기금 등,067160,SOOP,1434,104,-1330,92650000,6731700,-85918300
20260119,ALL,연기금 등,010690,화신,14026,4840,-9186,134939650,46882640,-88057010
20260119,ALL,연기금 등,002790,아모레퍼시픽홀딩스,8640,5060,-3580,219658000,128897700,-90760300
20260119,ALL,연기금 등,004690,삼천리,777,19,-758,94596100,2316400,-92279700
20260119,ALL,연기금 등,137310,에스디바이오센서,17366,5980,-11386,143245720,49400960,-93844760
20260119,ALL,연기금 등,125490,한라캐스트,4557,0,-4557,94679850,0,-94679850
20260119,ALL,연기금 등,000120,CJ대한통운,10269,9264,-1005,1001644700,903050200,-98594500
20260119,ALL,연기금 등,251970,펌텍코리아,1950,107,-1843,104792500,5755400,-99037100
20260119,ALL,연기금 등,018290,브이티,6377,0,-6377,101499845,0,-101499845
20260119,ALL,연기금 등,069960,현대백화점,3364,2224,-1140,314910100,210064200,-104845900
20260119,ALL,연기금 등,322310,오로스테크놀로지,4234,0,-4234,105346800,0,-105346800
20260119,ALL,연기금 등,051900,LG생활건강,1914,1512,-402,502928250,396491500,-106436750
20260119,ALL,연기금 등,008060,대덕,10919,0,-10919,108492280,0,-108492280
20260119,ALL,연기금 등,272450,진에어,16143,686,-15457,113951900,4848225,-109103675
20260119,ALL,연기금 등,206650,유바이오로직스,10000,0,-10000,110090010,0,-110090010
20260119,ALL,연기금 등,029780,삼성카드,6526,4320,-2206,345401500,228978400,-116423100
20260119,ALL,연기금 등,215200,메가스터디교육,3063,0,-3063,117585950,0,-117585950
20260119,ALL,연기금 등,145720,덴티움,2705,52,-2653,125346150,2414425,-122931725
20260119,ALL,연기금 등,215100,로보로보,13000,0,-13000,123527150,0,-123527150
20260119,ALL,연기금 등,204620,글로벌텍스프리,30000,0,-30000,126457745,0,-126457745
20260119,ALL,연기금 등,206640,바디텍메드,10000,0,-10000,127220155,0,-127220155
20260119,ALL,연기금 등,293940,신한알파리츠,23633,510,-23123,131037485,2831625,-128205860
20260119,ALL,연기금 등,336570,원텍,16392,0,-16392,132202775,0,-132202775
20260119,ALL,연기금 등,005850,에스엘,45697,42836,-2861,2359113700,2223929450,-135184250
20260119,ALL,연기금 등,016380,KG스틸,26349,0,-26349,136404155,0,-136404155
20260119,ALL,연기금 등,014820,동원시스템즈,6555,864,-5691,159515875,20998700,-138517175
20260119,ALL,연기금 등,456040,OCI,6238,4143,-2095,432461400,292260650,-140200750
20260119,ALL,연기금 등,365550,ESR켄달스퀘어리츠,32993,1033,-31960,145164419,4548518,-140615901
20260119,ALL,연기금 등,241560,두산밥캣,11758,9435,-2323,718675250,577739600,-140935650
20260119,ALL,연기금 등,358570,지아이이노베이션,10674,721,-9953,152019070,10297390,-141721680
20260119,ALL,연기금 등,015750,성우하이텍,30411,11202,-19209,231042980,84910690,-146132290
20260119,ALL,연기금 등,000640,동아쏘시오홀딩스,1441,0,-1441,146879450,0,-146879450
20260119,ALL,연기금 등,006260,LS,4367,3663,-704,954162000,803264000,-150898000
20260119,ALL,연기금 등,336370,솔루스첨단소재,20855,0,-20855,151040620,0,-151040620
20260119,ALL,연기금 등,034120,SBS,8229,0,-8229,151047175,0,-151047175
20260119,ALL,연기금 등,483650,달바글로벌,1242,148,-1094,172249300,20557700,-151691600
20260119,ALL,연기금 등,011170,롯데케미칼,6744,4657,-2087,492374450,338497100,-153877350
20260119,ALL,연기금 등,078340,컴투스,5130,0,-5130,157764650,0,-157764650
20260119,ALL,연기금 등,344820,KCC글라스,6227,0,-6227,164438225,0,-164438225
20260119,ALL,연기금 등,089860,롯데렌탈,5706,152,-5554,168966350,4507450,-164458900
20260119,ALL,연기금 등,350520,이지스레지던스리츠,42540,0,-42540,165763035,0,-165763035
20260119,ALL,연기금 등,026960,동서,18815,12093,-6722,479640725,309371300,-170269425
20260119,ALL,연기금 등,005290,동진쎄미켐,5760,1431,-4329,227328750,56564725,-170764025
20260119,ALL,연기금 등,290650,엘앤씨바이오,3542,400,-3142,194002950,21985900,-172017050
20260119,ALL,연기금 등,030000,제일기획,21054,12565,-8489,433796900,259284450,-174512450
20260119,ALL,연기금 등,322000,HD현대에너지솔루션,3367,238,-3129,187898050,13289700,-174608350
20260119,ALL,연기금 등,319660,피에스케이,6107,1701,-4406,251452875,70051250,-181401625
20260119,ALL,연기금 등,111770,영원무역,6182,3967,-2215,509913350,327918400,-181994950
20260119,ALL,연기금 등,058970,엠로,6892,1500,-5392,235154850,51698450,-183456400
20260119,ALL,연기금 등,033530,SJG세종,21913,6693,-15220,261596845,76653955,-184942890
20260119,ALL,연기금 등,000210,DL,7071,1923,-5148,259893175,70819200,-189073975
20260119,ALL,연기금 등,051905,LG생활건강우,1750,0,-1750,193016250,0,-193016250
20260119,ALL,연기금 등,001060,JW중외제약,8976,1650,-7326,244545750,45109350,-199436400
20260119,ALL,연기금 등,009420,한올바이오파마,14960,10996,-3964,761337300,560182150,-201155150
20260119,ALL,연기금 등,010100,한국무브넥스,33264,3655,-29609,225197280,23871450,-201325830
20260119,ALL,연기금 등,017810,풀무원,15994,177,-15817,208111450,2305355,-205806095
20260119,ALL,연기금 등,033500,동성화인텍,12975,5212,-7763,356349950,143148425,-213201525
20260119,ALL,연기금 등,192820,코스맥스,2686,1524,-1162,493706100,279498950,-214207150
20260119,ALL,연기금 등,192400,쿠쿠홀딩스,8066,151,-7915,219189275,4128700,-215060575
20260119,ALL,연기금 등,112610,씨에스윈드,9570,4120,-5450,382187175,164215450,-217971725
20260119,ALL,연기금 등,020000,한섬,14768,0,-14768,218889745,0,-218889745
20260119,ALL,연기금 등,119610,인터로조,14263,0,-14263,222554280,0,-222554280
20260119,ALL,연기금 등,290740,액트로,10410,0,-10410,223213050,0,-223213050
20260119,ALL,연기금 등,200710,에이디테크놀로지,7000,224,-6776,233334625,7458800,-225875825
20260119,ALL,연기금 등,298050,HS효성첨단소재,1354,230,-1124,275644850,46762000,-228882850
20260119,ALL,연기금 등,010780,아이에스동서,10354,235,-10119,234239250,5323700,-228915550
20260119,ALL,연기금 등,021240,코웨이,16050,12917,-3133,1229145900,996794500,-232351400
20260119,ALL,연기금 등,007390,네이처셀,12146,0,-12146,239058615,0,-239058615
20260119,ALL,연기금 등,009450,경동나비엔,4312,0,-4312,239179550,0,-239179550
20260119,ALL,연기금 등,023590,다우기술,9128,2980,-6148,357243375,116670400,-240572975
20260119,ALL,연기금 등,166090,하나머티리얼즈,13103,8729,-4374,738527300,491908200,-246619100
20260119,ALL,연기금 등,192080,더블유게임즈,6810,1911,-4899,344929550,96937900,-247991650
20260119,ALL,연기금 등,005090,SGC에너지,12000,0,-12000,248305500,0,-248305500
20260119,ALL,연기금 등,194370,제이에스코퍼레이션,23267,0,-23267,258827090,0,-258827090
20260119,ALL,연기금 등,161890,한국콜마,7078,2964,-4114,453417400,190078300,-263339100
20260119,ALL,연기금 등,009150,삼성전기,64274,63329,-945,18649898000,18386384250,-263513750
20260119,ALL,연기금 등,098460,고영,70434,61415,-9019,2093999050,1823244675,-270754375
20260119,ALL,연기금 등,108320,LX세미콘,5483,0,-5483,278297300,0,-278297300
20260119,ALL,연기금 등,397030,에이프릴바이오,8618,2751,-5867,414855650,132603150,-282252500
20260119,ALL,연기금 등,282330,BGF리테일,4100,1593,-2507,469059250,182691000,-286368250
20260119,ALL,연기금 등,248070,솔루엠,19844,200,-19644,294014575,2965950,-291048625
20260119,ALL,연기금 등,158430,아톤,50000,0,-50000,300461210,0,-300461210
20260119,ALL,연기금 등,085660,차바이오텍,20514,0,-20514,303236540,0,-303236540
20260119,ALL,연기금 등,084370,유진테크,4150,300,-3850,340377500,24616050,-315761450
20260119,ALL,연기금 등,004490,세방전지,5583,482,-5101,350827650,30440850,-320386800
20260119,ALL,연기금 등,475830,오름테라퓨틱,2847,0,-2847,328227800,0,-328227800
20260119,ALL,연기금 등,067310,하나마이크론,13736,1534,-12202,371913800,41774650,-330139150
20260119,ALL,연기금 등,383220,F&F,8398,3092,-5306,536341200,198986800,-337354400
20260119,ALL,연기금 등,088350,한화생명,181675,76782,-104893,593944440,252104427,-341840013
20260119,ALL,연기금 등,093370,후성,57050,9500,-47550,421556550,69952175,-351604375
20260119,ALL,연기금 등,005420,코스모화학,25612,1102,-24510,368296010,15787130,-352508880
20260119,ALL,연기금 등,121600,나노신소재,10445,3107,-7338,510804150,156684000,-354120150
20260119,ALL,연기금 등,041510,에스엠,4061,897,-3164,463114900,102437800,-360677100
20260119,ALL,연기금 등,171090,선익시스템,15032,7834,-7198,774933000,405464150,-369468850
20260119,ALL,연기금 등,031210,서울보증보험,15914,7806,-8108,754286325,370927750,-383358575
20260119,ALL,연기금 등,114090,GKL,34187,5223,-28964,453794265,69170925,-384623340
20260119,ALL,연기금 등,267260,HD현대일렉트릭,16798,16363,-435,15429300500,15039512000,-389788500
20260119,ALL,연기금 등,001740,SK네트웍스,91071,925,-90146,404295787,4124352,-400171435
20260119,ALL,연기금 등,062040,산일전기,5354,2549,-2805,776142900,369654900,-406488000
20260119,ALL,연기금 등,001440,대한전선,47559,31694,-15865,1234623900,819234000,-415389900
20260119,ALL,연기금 등,114810,한솔아이원스,38033,0,-38033,418045405,0,-418045405
20260119,ALL,연기금 등,475150,SK이터닉스,22792,796,-21996,451171120,15870760,-435300360
20260119,ALL,연기금 등,260970,에스앤디,6575,0,-6575,443126200,0,-443126200
20260119,ALL,연기금 등,100090,SK오션플랜트,23754,1076,-22678,471723300,21379660,-450343640
20260119,ALL,연기금 등,081660,미스토홀딩스,16871,6383,-10488,746163250,282986875,-463176375
20260119,ALL,연기금 등,403870,HPSP,24943,11702,-13241,876416675,411871275,-464545400
20260119,ALL,연기금 등,138610,나이벡,13303,0,-13303,468903875,0,-468903875
20260119,ALL,연기금 등,388210,씨엠티엑스,4621,0,-4621,472067100,0,-472067100
20260119,ALL,연기금 등,375500,DL이앤씨,16566,5749,-10817,727343050,251150200,-476192850
20260119,ALL,연기금 등,001040,CJ,7786,5139,-2647,1449561350,963995950,-485565400
20260119,ALL,연기금 등,218410,RFHIC,15082,726,-14356,513061525,25130775,-487930750
20260119,ALL,연기금 등,100840,SNT에너지,13358,450,-12908,513924550,17337300,-496587250
20260119,ALL,연기금 등,036570,엔씨소프트,9502,7369,-2133,2235175250,1733748750,-501426500
20260119,ALL,연기금 등,039030,이오테크닉스,1988,285,-1703,586863500,84526500,-502337000
20260119,ALL,연기금 등,462870,시프트업,15194,327,-14867,514068925,11079750,-502989175
20260119,ALL,연기금 등,014620,성광벤드,18125,244,-17881,542465475,7320500,-535144975
20260119,ALL,연기금 등,036890,진성티이씨,38980,0,-38980,539546380,0,-539546380
20260119,ALL,연기금 등,003570,SNT다이내믹스,10543,422,-10121,583665400,23410350,-560255050
20260119,ALL,연기금 등,000815,삼성화재우,1539,0,-1539,561821750,0,-561821750
20260119,ALL,연기금 등,000810,삼성화재,8667,7460,-1207,4158607250,3576272750,-582334500
20260119,ALL,연기금 등,294870,HDC현대산업개발,29492,609,-28883,607044075,12567900,-594476175
20260119,ALL,연기금 등,012630,HDC,37005,518,-36487,612297895,8585270,-603712625
20260119,ALL,연기금 등,069620,대웅제약,4682,914,-3768,754457100,147562700,-606894400
20260119,ALL,연기금 등,024110,기업은행,76702,44658,-32044,1560199500,910119950,-650079550
20260119,ALL,연기금 등,161390,한국타이어앤테크놀로지,24718,13832,-10886,1532443700,858276250,-674167450
20260119,ALL,연기금 등,240810,원익IPS,11117,2125,-8992,848368450,162385400,-685983050
20260119,ALL,연기금 등,012510,더존비즈온,7701,510,-7191,735440650,48644250,-686796400
20260119,ALL,연기금 등,004170,신세계,4091,1587,-2504,1139813500,445098500,-694715000
20260119,ALL,연기금 등,175330,JB금융지주,55836,25759,-30077,1303146775,602528875,-700617900
20260119,ALL,연기금 등,032640,LG유플러스,153339,106479,-46860,2316219055,1611398990,-704820065
20260119,ALL,연기금 등,214450,파마리서치,2625,929,-1696,1094910250,389297750,-705612500
20260119,ALL,연기금 등,064960,SNT모티브,38004,18957,-19047,1440773200,724260700,-716512500
20260119,ALL,연기금 등,025540,한국단자,9782,208,-9574,732741200,15561700,-717179500
20260119,ALL,연기금 등,300720,한일시멘트,52761,9851,-42910,885958250,166144370,-719813880
20260119,ALL,연기금 등,001450,현대해상,52688,25836,-26852,1413804675,693695375,-720109300
20260119,ALL,연기금 등,006280,녹십자,5697,1127,-4570,904323250,179006050,-725317200
20260119,ALL,연기금 등,012330,현대모비스,118209,116689,-1520,53219560500,52478432250,-741128250
20260119,ALL,연기금 등,124500,아이티센글로벌,24525,0,-24525,759501075,0,-759501075
20260119,ALL,연기금 등,285130,SK케미칼,14454,2999,-11455,964813100,199506700,-765306400
20260119,ALL,연기금 등,018260,삼성에스디에스,22648,18444,-4204,4159513150,3389588500,-769924650
20260119,ALL,연기금 등,195940,HK이노엔,16880,230,-16650,793550250,10846100,-782704150
20260119,ALL,연기금 등,499790,GS피앤엘,18615,413,-18202,802435650,17834750,-784600900
20260119,ALL,연기금 등,316140,우리금융지주,178424,149500,-28924,4921390725,4128783325,-792607400
20260119,ALL,연기금 등,010140,삼성중공업,1074060,1051263,-22797,33689809400,32893217850,-796591550
20260119,ALL,연기금 등,361610,SK아이이테크놀로지,39584,6227,-33357,945861225,148166025,-797695200
20260119,ALL,연기금 등,302440,SK바이오사이언스,21463,4773,-16690,1030159850,229387175,-800772675
20260119,ALL,연기금 등,281820,케이씨텍,29317,8821,-20496,1148238775,346897000,-801341775
20260119,ALL,연기금 등,251270,넷마블,22288,5684,-16604,1091300700,278481200,-812819500
20260119,ALL,연기금 등,030200,KT,87966,72906,-15060,4739712250,3925443750,-814268500
20260119,ALL,연기금 등,420770,기가비스,27994,12188,-15806,1438054100,621165400,-816888700
20260119,ALL,연기금 등,069260,TKG휴켐스,46125,928,-45197,841695460,16945510,-824749950
20260119,ALL,연기금 등,039200,오스코텍,20346,449,-19897,884469125,19746100,-864723025
20260119,ALL,연기금 등,138930,BNK금융지주,117463,57928,-59535,1736413490,856256775,-880156715
20260119,ALL,연기금 등,016360,삼성증권,42893,31936,-10957,3599736900,2684139500,-915597400
20260119,ALL,연기금 등,058470,리노공업,16204,1925,-14279,1068120500,127085450,-941035050
20260119,ALL,연기금 등,009830,한화솔루션,67905,31456,-36449,1909803200,884118300,-1025684900
20260119,ALL,연기금 등,035250,강원랜드,81635,18331,-63304,1441649880,323876180,-1117773700
20260119,ALL,연기금 등,214430,아이쓰리시스템,15387,1309,-14078,1261708900,109570400,-1152138500
20260119,ALL,연기금 등,003230,삼양식품,1972,981,-991,2343320000,1168999000,-1174321000
20260119,ALL,연기금 등,086280,현대글로비스,37037,32658,-4379,9962964500,8778606000,-1184358500
20260119,ALL,연기금 등,000250,삼천당제약,17687,13374,-4313,4909772250,3724867500,-1184904750
20260119,ALL,연기금 등,035900,JYP Ent.,19635,2377,-17258,1364724700,164924850,-1199799850
20260119,ALL,연기금 등,032350,롯데관광개발,68762,9213,-59549,1442389000,193343300,-1249045700
20260119,ALL,연기금 등,214150,클래시스,22042,378,-21664,1272834200,21912550,-1250921650
20260119,ALL,연기금 등,101490,에스앤에스텍,31993,12856,-19137,2137836100,871261050,-1266575050
20260119,ALL,연기금 등,087010,펩트론,5985,694,-5291,1462313250,169351500,-1292961750
20260119,ALL,연기금 등,039490,키움증권,8171,4109,-4062,2636237250,1331937750,-1304299500
20260119,ALL,연기금 등,022100,포스코DX,148478,114118,-34360,6146867425,4720944150,-1425923275
20260119,ALL,연기금 등,257720,실리콘투,38486,1758,-36728,1551019675,71405575,-1479614100
20260119,ALL,연기금 등,099320,쎄트렉아이,12227,0,-12227,1502383050,0,-1502383050
20260119,ALL,연기금 등,090430,아모레퍼시픽,28464,15718,-12746,3404430850,1880729750,-1523701100
20260119,ALL,연기금 등,007660,이수페타시스,32100,18562,-13538,3711444050,2151975050,-1559469000
20260119,ALL,연기금 등,009540,HD한국조선해양,24682,21068,-3614,10943416750,9342813750,-1600603000
20260119,ALL,연기금 등,443060,HD현대마린솔루션,11093,2536,-8557,2088001600,478813200,-1609188400
20260119,ALL,연기금 등,011200,HMM,163567,80215,-83352,3242033395,1588248180,-1653785215
20260119,ALL,연기금 등,0126Z0,삼성에피스홀딩스,3501,884,-2617,2218215000,561346000,-1656869000
20260119,ALL,연기금 등,097950,CJ제일제당,10327,1840,-8487,2140321750,381878250,-1758443500
20260119,ALL,연기금 등,213420,덕산네오룩스,53919,421,-53498,1868683550,14623900,-1854059650
20260119,ALL,연기금 등,089970,브이엠,107561,42984,-64577,3074347200,1213763500,-1860583700
20260119,ALL,연기금 등,055550,신한지주,112655,89110,-23545,8960945000,7092122600,-1868822400
20260119,ALL,연기금 등,006360,GS건설,113784,12466,-101318,2134372500,234069285,-1900303215
20260119,ALL,연기금 등,120110,코오롱인더,49248,3482,-45766,2088994075,148146375,-1940847700
20260119,ALL,연기금 등,138040,메리츠금융지주,32654,13962,-18692,3426764850,1467374400,-1959390450
20260119,ALL,연기금 등,036460,한국가스공사,66056,10377,-55679,2553563350,401108000,-2152455350
20260119,ALL,연기금 등,095340,ISC,22237,411,-21826,2292040100,42460200,-2249579900
20260119,ALL,연기금 등,004370,농심,6090,597,-5493,2501191250,245393500,-2255797750
20260119,ALL,연기금 등,323410,카카오뱅크,162814,55316,-107498,3435135250,1167621475,-2267513775
20260119,ALL,연기금 등,034730,SK,19147,11232,-7915,5657984500,3340356000,-2317628500
20260119,ALL,연기금 등,181710,NHN,80281,487,-79794,2392139900,14549250,-2377590650
20260119,ALL,연기금 등,298380,에이비엘바이오,14973,2141,-12832,2958412400,424292400,-2534120000
20260119,ALL,연기금 등,010120,LS ELECTRIC,14805,10023,-4782,7915847500,5363387000,-2552460500
20260119,ALL,연기금 등,105560,KB금융,104650,84330,-20320,13544949100,10927720400,-2617228700
20260119,ALL,연기금 등,028050,삼성E&A,137646,28801,-108845,3465085050,727664950,-2737420100
20260119,ALL,연기금 등,139130,iM금융지주,227433,24278,-203155,3149757570,336985730,-2812771840
20260119,ALL,연기금 등,034220,LG디스플레이,309336,80161,-229175,3817258620,989526765,-2827731855
20260119,ALL,연기금 등,042700,한미반도체,108723,92412,-16311,19410253250,16510324500,-2899928750
20260119,ALL,연기금 등,032830,삼성생명,67191,48449,-18742,11171389200,8089605800,-3081783400
20260119,ALL,연기금 등,307950,현대오토에버,11203,4806,-6397,5469477750,2346637500,-3122840250
20260119,ALL,연기금 등,141080,리가켐바이오,34536,15437,-19099,5783425200,2590931650,-3192493550
20260119,ALL,연기금 등,068270,셀트리온,67200,51570,-15630,13911296750,10703182000,-3208114750
20260119,ALL,연기금 등,012450,한화에어로스페이스,19467,16982,-2485,25780403500,22480928500,-3299475000
20260119,ALL,연기금 등,103140,풍산,31717,3953,-27764,3887978100,484785700,-3403192400
20260119,ALL,연기금 등,086790,하나금융지주,96897,60660,-36237,9333783400,5848428450,-3485354950
20260119,ALL,연기금 등,267270,HD현대건설기계,33384,3752,-29632,4120457150,462268200,-3658188950
20260119,ALL,연기금 등,326030,SK바이오팜,44985,6228,-38757,5298308300,733663550,-4564644750
20260119,ALL,연기금 등,011070,LG이노텍,27298,9754,-17544,7784462750,2787395500,-4997067250
20260119,ALL,연기금 등,028260,삼성물산,41653,24126,-17527,12116359250,7055811250,-5060548000
20260119,ALL,연기금 등,207940,삼성바이오로직스,8052,3964,-4088,15476710500,7627720500,-7848990000
20260119,ALL,연기금 등,373220,LG에너지솔루션,65082,44726,-20356,25521345500,17517504750,-8003840750
20260119,ALL,연기금 등,034020,두산에너빌리티,770492,686130,-84362,73232344350,65089351950,-8142992400
20260119,ALL,연기금 등,000100,유한양행,101938,24123,-77815,10809930200,2557665550,-8252264650
20260119,ALL,연기금 등,196170,알테오젠,60154,42696,-17458,29971669500,21321173500,-8650496000
20260119,ALL,연기금 등,035720,카카오,260995,92681,-168314,14793232450,5253767050,-9539465400
20260119,ALL,연기금 등,051910,LG화학,78372,37030,-41342,25872674500,12143205750,-13729468750
20260119,ALL,연기금 등,005380,현대차,1038897,1010202,-28695,479618354500,465035093750,-14583260750
20260119,ALL,연기금 등,000660,SK하이닉스,670425,646288,-24137,511524842500,492918262000,-18606580500
20260119,ALL,연기금 등,402340,SK스퀘어,102261,53656,-48605,44404158250,23332520000,-21071638250
20260119,ALL,연기금 등,035420,NAVER,268322,108417,-159905,64093433750,25908509250,-38184924500
20260119,ALL,연기금 등,005930,삼성전자,3735978,3366541,-369437,555751322600,500145104500,-55606218100
